Track file,C:\docs\ethovision\031202-1er-test-rat_0001\data\track_00521.trk
Object,0
Samples,619
WaterTemp,22,°C
RoomTemp,20.5,°C
New Label,,
New Label,,
Status,Acquired,
Trial duration,0000:00:00:49.520,dd:HH:mm:ss
Tracking profile,Tracking profile,
Arena,Piscine,
Track file,track_00521.trk,
Object,0,
Arena profile,Arena profile,
Start date & time,2006-02-20 10:34:21.640,yyyy-MM-dd HH:mm:ss
Stop date & time,2006-02-20 10:35:11.160,yyyy-MM-dd HH:mm:ss
Trial number,1,
Mobility low,0,
Mobility high,0,
Movie file,,
Maximum voltage x,0,
Maximum voltage y,0,
Mobility running av,1,
Sample no.,Time,X,Y,Area,ZONES [Acquisition Zonedef],ZONES [Zone Definition 2],ZONES [Zone Definition 3],Distance to zone [Arena],Distance moved,Velocity,Heading
1,0.00,208.10,56.54,635.00,E,Ext,Zone 1,0.00,-,-,-
2,0.08,210.15,58.92,472.00,E,Ext,Zone 1,0.00,3.14,39.25,139.40
3,0.16,212.19,59.94,393.00,E,Ext,Zone 1,0.00,2.28,28.56,116.57
4,0.24,212.87,59.94,329.00,E,Ext,Zone 1,0.00,0.68,8.51,90.00
5,0.32,213.21,59.26,286.00,E,Ext,Zone 1,0.00,0.76,9.52,26.57
6,0.40,213.21,59.26,260.00,E,Ext,Zone 1,0.00,0.00,0.00,-
7,0.48,213.21,59.26,208.00,E,Ext,Zone 1,0.00,0.00,0.00,-
8,0.56,213.55,59.60,155.00,E,Ext,Zone 1,0.00,0.48,6.02,135.00
9,0.64,213.21,59.26,132.00,E,Ext,Zone 1,0.00,0.48,6.02,315.00
10,0.72,212.53,60.28,123.00,E,Ext,Zone 1,0.00,1.23,15.35,213.69
11,0.80,211.51,61.99,102.00,E,Ext,Zone 1,0.00,1.99,24.82,210.96
12,0.88,210.49,63.69,89.00,E,Mid,Zone 1,0.00,1.99,24.82,210.96
13,0.96,208.78,65.05,85.00,E,Mid,Zone 1,0.00,2.18,27.26,231.34
14,1.04,206.74,66.42,95.00,E,Mid,Zone 1,0.00,2.46,30.70,236.31
15,1.12,205.38,66.07,172.00,E,Mid,Zone 1,0.00,1.40,17.55,284.04
16,1.20,205.04,66.07,225.00,E,Mid,Zone 1,0.00,0.34,4.26,270.00
17,1.28,203.67,66.42,270.00,E,Mid,Zone 1,0.00,1.40,17.55,255.96
18,1.36,203.33,66.42,364.00,E,Mid,Zone 1,0.00,0.34,4.26,270.00
19,1.44,202.65,66.76,423.00,E,Mid,Zone 1,0.00,0.76,9.52,243.43
20,1.52,201.63,67.10,499.00,E,Mid,Zone 1,0.00,1.08,13.46,251.57
21,1.60,200.61,67.44,534.00,E,Mid,Zone 1,0.00,1.08,13.46,251.57
22,1.68,199.25,68.12,596.00,E,Mid,Zone 1,0.00,1.52,19.04,243.43
23,1.76,197.88,68.80,633.00,E,Mid,Zone 1,0.00,1.52,19.04,243.43
24,1.84,196.18,68.80,633.00,E,Mid,Zone 1,0.00,1.70,21.29,270.00
25,1.92,194.48,68.80,595.00,E,Mid,Zone 1,0.00,1.70,21.29,270.00
26,2.00,191.75,68.12,568.00,E,Mid,Zone 1,0.00,2.81,35.11,284.04
27,2.08,189.71,67.44,602.00,E,Center,Zone 1,0.00,2.15,26.93,288.43
28,2.16,187.33,66.76,594.00,E,Center,Zone 1,0.00,2.48,30.99,285.95
29,2.24,185.28,65.73,585.00,E,Center,Zone 1,0.00,2.28,28.56,296.57
30,2.32,183.24,64.37,582.00,E,Center,Zone 1,0.00,2.46,30.70,303.69
31,2.40,181.54,62.67,583.00,E,Center,Zone 1,0.00,2.41,30.10,315.00
32,2.48,179.15,60.97,589.00,E,Center,Zone 1,0.00,2.93,36.62,305.54
33,2.56,177.45,59.26,608.00,E,Center,Zone 1,0.00,2.41,30.10,315.00
34,2.64,176.09,57.56,621.00,E,Center,Zone 1,0.00,2.18,27.26,321.34
35,2.72,174.04,55.86,629.00,E,Center,Zone 1,0.00,2.66,33.25,309.81
36,2.80,173.02,53.81,575.00,E,Center,Zone 1,0.00,2.28,28.56,333.43
37,2.88,172.00,51.43,627.00,E,Center,Zone 1,0.00,2.59,32.42,336.80
38,2.96,170.64,49.05,633.00,E,Center,Zone 1,0.00,2.75,34.32,330.26
39,3.04,169.27,46.66,661.00,E,Mid,Zone 1,0.00,2.75,34.32,330.26
40,3.12,167.91,44.28,647.00,E,Mid,Zone 1,0.00,2.75,34.32,330.26
41,3.20,166.21,41.89,636.00,N,Mid,Zone 1,0.00,2.93,36.62,324.46
42,3.28,164.85,39.85,635.00,N,Mid,Zone 1,0.00,2.46,30.70,326.31
43,3.36,163.14,38.15,639.00,N,Mid,Zone 1,0.00,2.41,30.10,315.00
44,3.44,160.76,35.76,632.00,N,Mid,Zone 1,0.00,3.37,42.15,315.00
45,3.52,158.38,33.72,661.00,N,Mid,Zone 1,0.00,3.14,39.25,310.60
46,3.60,156.33,31.68,648.00,N,Mid,Zone 1,0.00,2.89,36.13,315.00
47,3.68,153.95,29.97,629.00,N,Mid,Zone 1,0.00,2.93,36.62,305.54
48,3.76,151.90,28.27,636.00,N,Mid,Zone 1,0.00,2.66,33.25,309.81
49,3.84,149.52,26.23,595.00,N,Mid,Zone 1,0.00,3.14,39.25,310.60
50,3.92,146.80,24.52,605.00,N,Mid,Zone 1,0.00,3.21,40.16,302.01
51,4.00,144.41,22.82,610.00,N,Mid,Zone 1,0.00,2.93,36.62,305.54
52,4.08,142.03,21.12,582.00,N,Ext,Zone 1,0.00,2.93,36.62,305.54
53,4.16,139.30,19.75,556.00,N,Ext,Zone 1,0.00,3.05,38.08,296.57
54,4.24,136.58,18.39,554.00,N,Ext,Zone 1,0.00,3.05,38.08,296.57
55,4.32,134.19,17.37,501.00,N,Ext,Zone 1,0.00,2.59,32.42,293.20
56,4.40,131.13,16.35,375.00,N,Ext,Zone 1,0.00,3.23,40.39,288.43
57,4.48,129.43,16.69,330.00,N,Ext,Zone 1,0.00,1.74,21.71,258.69
58,4.56,128.06,17.03,288.00,N,Ext,Zone 1,0.00,1.40,17.55,255.96
59,4.64,127.04,17.37,218.00,N,Ext,Zone 1,0.00,1.08,13.46,251.57
60,4.72,125.00,17.71,162.00,N,Ext,Zone 1,0.00,2.07,25.90,260.54
61,4.80,122.95,18.39,116.00,N,Ext,Zone 1,0.00,2.15,26.93,251.57
62,4.88,123.29,19.07,195.00,N,Ext,Zone 1,0.00,0.76,9.52,153.43
63,4.96,122.61,19.41,258.00,N,Ext,Zone 1,0.00,0.76,9.52,243.43
64,5.04,122.95,19.41,353.00,N,Ext,Zone 1,0.00,0.34,4.26,90.00
65,5.12,122.27,19.07,364.00,N,Ext,Zone 1,0.00,0.76,9.52,296.57
66,5.20,121.25,19.07,369.00,N,Ext,Zone 1,0.00,1.02,12.77,270.00
67,5.28,121.25,19.75,365.00,N,Ext,Zone 1,0.00,0.68,8.51,180.00
68,5.36,121.59,20.44,387.00,N,Ext,Zone 1,0.00,0.76,9.52,153.43
69,5.44,121.59,20.78,395.00,N,Ext,Zone 1,0.00,0.34,4.26,180.00
70,5.52,121.93,20.78,396.00,N,Ext,Zone 1,0.00,0.34,4.26,90.00
71,5.60,121.93,20.09,363.00,N,Ext,Zone 1,0.00,0.68,8.51,0.00
72,5.68,121.59,18.73,326.00,N,Ext,Zone 1,0.00,1.40,17.55,345.96
73,5.76,121.59,18.05,316.00,N,Ext,Zone 1,0.00,0.68,8.51,0.00
74,5.84,121.25,17.71,306.00,N,Ext,Zone 1,0.00,0.48,6.02,315.00
75,5.92,120.91,17.37,283.00,N,Ext,Zone 1,0.00,0.48,6.02,315.00
76,6.00,120.57,17.37,266.00,N,Ext,Zone 1,0.00,0.34,4.26,270.00
77,6.08,120.91,17.71,213.00,N,Ext,Zone 1,0.00,0.48,6.02,135.00
78,6.16,120.91,17.03,180.00,N,Ext,Zone 1,0.00,0.68,8.51,0.00
79,6.24,120.91,17.03,127.00,N,Ext,Zone 1,0.00,0.00,0.00,-
80,6.32,121.25,17.71,103.00,N,Ext,Zone 1,0.00,0.76,9.52,153.43
81,6.40,122.61,17.71,82.00,N,Ext,Zone 1,0.00,1.36,17.03,90.00
82,6.48,123.29,18.05,93.00,N,Ext,Zone 1,0.00,0.76,9.52,116.57
83,6.56,123.98,18.05,85.00,N,Ext,Zone 1,0.00,0.68,8.51,90.00
84,6.64,125.00,18.05,83.00,N,Ext,Zone 1,0.00,1.02,12.77,90.00
85,6.72,124.66,18.05,106.00,N,Ext,Zone 1,0.00,0.34,4.26,270.00
86,6.80,125.00,18.05,126.00,N,Ext,Zone 1,0.00,0.34,4.26,90.00
87,6.88,126.02,19.07,179.00,N,Ext,Zone 1,0.00,1.45,18.06,135.00
88,6.96,127.38,19.75,204.00,N,Ext,Zone 1,0.00,1.52,19.04,116.57
89,7.04,128.74,20.44,295.00,N,Ext,Zone 1,0.00,1.52,19.04,116.57
90,7.12,129.43,21.46,362.00,N,Ext,Zone 1,0.00,1.23,15.35,146.31
91,7.20,130.79,21.80,387.00,N,Ext,Zone 1,0.00,1.40,17.55,104.04
92,7.28,131.81,22.14,390.00,N,Mid,Zone 1,0.00,1.08,13.46,108.43
93,7.36,133.51,22.48,430.00,N,Mid,Zone 1,0.00,1.74,21.71,101.31
94,7.44,135.56,22.82,383.00,N,Mid,Zone 1,0.00,2.07,25.90,99.46
95,7.52,136.92,23.16,367.00,N,Mid,Zone 1,0.00,1.40,17.55,104.04
96,7.60,138.62,23.16,391.00,N,Mid,Zone 1,0.00,1.70,21.29,90.00
97,7.68,140.32,22.48,368.00,N,Mid,Zone 1,0.00,1.83,22.93,68.20
98,7.76,141.69,21.80,363.00,N,Mid,Zone 1,0.00,1.52,19.04,63.43
99,7.84,143.39,20.78,321.00,N,Ext,Zone 1,0.00,1.99,24.82,59.04
100,7.92,144.41,20.09,327.00,N,Ext,Zone 1,0.00,1.23,15.35,56.31
101,8.00,145.43,19.07,344.00,N,Ext,Zone 1,0.00,1.45,18.06,45.00
102,8.08,146.45,18.39,344.00,N,Ext,Zone 1,0.00,1.23,15.35,56.31
103,8.16,147.48,18.05,334.00,N,Ext,Zone 1,0.00,1.08,13.46,71.57
104,8.24,148.16,18.05,314.00,N,Ext,Zone 1,0.00,0.68,8.51,90.00
105,8.32,148.84,18.05,280.00,N,Ext,Zone 1,0.00,0.68,8.51,90.00
106,8.40,149.52,19.07,254.00,N,Ext,Zone 1,0.00,1.23,15.35,146.31
107,8.48,150.54,20.78,235.00,N,Ext,Zone 1,0.00,1.99,24.82,149.04
108,8.56,151.56,22.48,222.00,N,Mid,Zone 1,0.00,1.99,24.82,149.04
109,8.64,151.90,24.86,200.00,N,Mid,Zone 1,0.00,2.41,30.10,171.87
110,8.72,151.90,26.57,182.00,N,Mid,Zone 1,0.00,1.70,21.29,180.00
111,8.80,151.90,27.59,205.00,N,Mid,Zone 1,0.00,1.02,12.77,180.00
112,8.88,151.56,28.27,241.00,N,Mid,Zone 1,0.00,0.76,9.52,206.57
113,8.96,151.90,29.63,269.00,N,Mid,Zone 1,0.00,1.40,17.55,165.96
114,9.04,151.90,30.31,314.00,N,Mid,Zone 1,0.00,0.68,8.51,180.00
115,9.12,152.24,31.33,353.00,N,Mid,Zone 1,0.00,1.08,13.46,161.57
116,9.20,152.59,32.70,382.00,N,Mid,Zone 1,0.00,1.40,17.55,165.96
117,9.28,153.27,33.72,440.00,N,Mid,Zone 1,0.00,1.23,15.35,146.31
118,9.36,153.95,35.42,452.00,N,Mid,Zone 1,0.00,1.83,22.93,158.20
119,9.44,154.97,36.44,477.00,N,Mid,Zone 1,0.00,1.45,18.06,135.00
120,9.52,155.99,38.15,457.00,N,Mid,Zone 1,0.00,1.99,24.82,149.04
121,9.60,157.01,39.51,471.00,N,Mid,Zone 1,0.00,1.70,21.29,143.13
122,9.68,158.03,41.21,444.00,N,Mid,Zone 1,0.00,1.99,24.82,149.04
123,9.76,159.40,42.57,463.00,N,Mid,Zone 1,0.00,1.93,24.08,135.00
124,9.84,160.76,44.28,463.00,N,Center,Zone 1,0.00,2.18,27.26,141.34
125,9.92,162.46,45.30,460.00,N,Center,Zone 1,0.00,1.99,24.82,120.96
126,10.00,163.82,46.66,472.00,N,Center,Zone 1,0.00,1.93,24.08,135.00
127,10.08,165.53,47.68,478.00,E,Center,Zone 1,0.00,1.99,24.82,120.96
128,10.16,167.57,49.05,482.00,E,Center,Zone 1,0.00,2.46,30.70,123.69
129,10.24,168.93,50.07,518.00,E,Center,Zone 1,0.00,1.70,21.29,126.87
130,10.32,171.32,51.43,514.00,E,Center,Zone 1,0.00,2.75,34.32,119.74
131,10.40,173.36,52.45,517.00,E,Center,Zone 1,0.00,2.28,28.56,116.57
132,10.48,174.72,53.81,527.00,E,Center,Zone 1,0.00,1.93,24.08,135.00
133,10.56,177.11,55.18,516.00,E,Center,Zone 1,0.00,2.75,34.32,119.74
134,10.64,178.81,56.54,549.00,E,Center,Zone 1,0.00,2.18,27.26,128.66
135,10.72,179.83,57.56,591.00,E,Center,Zone 1,0.00,1.45,18.06,135.00
136,10.80,181.88,59.60,554.00,E,Center,Zone 1,0.00,2.89,36.13,135.00
137,10.88,183.58,61.99,569.00,E,Center,Zone 1,0.00,2.93,36.62,144.46
138,10.96,184.94,63.35,572.00,E,Center,Zone 1,0.00,1.93,24.08,135.00
139,11.04,185.96,65.05,606.00,E,Center,Zone 1,0.00,1.99,24.82,149.04
140,11.12,187.67,67.78,567.00,E,Center,Zone 1,0.00,3.21,40.16,147.99
141,11.20,188.69,69.82,571.00,E,Center,Zone 1,0.00,2.28,28.56,153.43
142,11.28,190.05,71.86,627.00,E,Center,Zone 1,0.00,2.46,30.70,146.31
143,11.36,191.75,74.93,557.00,E,Center,Zone 1,0.00,3.51,43.83,150.95
144,11.44,193.12,77.31,571.00,E,Center,Zone 1,0.00,2.75,34.32,150.26
145,11.52,194.14,79.36,611.00,E,Center,Zone 1,0.00,2.28,28.56,153.43
146,11.60,195.50,82.42,542.00,E,Center,Zone 1,0.00,3.35,41.93,156.04
147,11.68,196.86,84.81,529.00,E,Center,Zone 1,0.00,2.75,34.32,150.26
148,11.76,198.22,87.87,531.00,E,Center,Zone 1,0.00,3.35,41.93,156.04
149,11.84,198.91,90.26,515.00,E,Mid,Zone 1,0.00,2.48,30.99,164.05
150,11.92,200.95,94.00,445.00,E,Mid,Zone 1,0.00,4.27,53.35,151.39
151,12.00,202.65,96.73,422.00,E,Mid,Zone 1,0.00,3.21,40.16,147.99
152,12.08,204.01,99.11,408.00,E,Mid,Zone 1,0.00,2.75,34.32,150.26
153,12.16,205.38,101.16,469.00,E,Mid,Zone 1,0.00,2.46,30.70,146.31
154,12.24,207.76,103.54,397.00,E,Mid,Zone 1,0.00,3.37,42.15,135.00
155,12.32,208.78,104.56,408.00,E,Mid,Zone 1,0.00,1.45,18.06,135.00
156,12.40,211.85,106.26,345.00,E,Mid,Zone 1,0.00,3.51,43.83,119.05
157,12.48,213.89,107.29,293.00,E,Mid,Zone 1,0.00,2.28,28.56,116.57
158,12.56,215.94,108.65,288.00,E,Mid,Zone 1,0.00,2.46,30.70,123.69
159,12.64,217.98,108.99,301.00,E,Mid,Zone 1,0.00,2.07,25.90,99.46
160,12.72,220.02,109.67,290.00,E,Ext,Zone 1,0.00,2.15,26.93,108.43
161,12.80,221.38,110.35,262.00,E,Ext,Zone 1,0.00,1.52,19.04,116.57
162,12.88,223.09,110.69,216.00,E,Ext,Zone 1,0.00,1.74,21.71,101.31
163,12.96,222.75,110.35,234.00,E,Ext,Zone 1,0.00,0.48,6.02,315.00
164,13.04,222.07,110.69,227.00,E,Ext,Zone 1,0.00,0.76,9.52,243.43
165,13.12,221.73,111.37,183.00,E,Ext,Zone 1,0.00,0.76,9.52,206.57
166,13.20,220.70,112.05,129.00,E,Ext,Zone 1,0.00,1.23,15.35,236.31
167,13.28,219.34,113.08,87.00,E,Ext,Zone 1,0.00,1.70,21.29,233.13
168,13.36,217.30,114.10,52.00,E,Mid,Zone 1,0.00,2.28,28.56,243.43
169,13.44,-,-,-,-,-,-,-,-,-,-
170,13.52,-,-,-,-,-,-,-,-,-,-
171,13.60,213.89,113.76,60.00,E,Mid,Zone 1,0.00,-,-,-
172,13.68,212.87,112.74,93.00,E,Mid,Zone 1,0.00,1.45,18.06,315.00
173,13.76,211.85,112.05,126.00,E,Mid,Zone 1,0.00,1.23,15.35,303.69
174,13.84,212.19,111.71,173.00,E,Mid,Zone 1,0.00,0.48,6.02,45.00
175,13.92,211.85,111.71,216.00,E,Mid,Zone 1,0.00,0.34,4.26,270.00
176,14.00,210.83,111.71,273.00,E,Mid,Zone 1,0.00,1.02,12.77,270.00
177,14.08,209.80,112.40,290.00,E,Mid,Zone 1,0.00,1.23,15.35,236.31
178,14.16,208.78,113.08,302.00,E,Mid,Zone 1,0.00,1.23,15.35,236.31
179,14.24,207.42,114.78,306.00,E,Mid,Zone 1,0.00,2.18,27.26,218.66
180,14.32,206.06,116.82,287.00,E,Mid,Zone 1,0.00,2.46,30.70,213.69
181,14.40,205.04,118.19,270.00,E,Mid,Zone 1,0.00,1.70,21.29,216.87
182,14.48,203.67,120.57,274.00,E,Mid,Zone 1,0.00,2.75,34.32,209.74
183,14.56,202.99,122.61,266.00,E,Mid,Zone 1,0.00,2.15,26.93,198.43
184,14.64,202.31,123.98,327.00,E,Mid,Zone 1,0.00,1.52,19.04,206.57
185,14.72,201.97,125.68,321.00,E,Mid,Zone 1,0.00,1.74,21.71,191.31
186,14.80,201.63,127.72,329.00,E,Mid,Zone 1,0.00,2.07,25.90,189.46
187,14.88,200.61,130.11,353.00,E,Mid,Zone 1,0.00,2.59,32.42,203.20
188,14.96,200.27,132.15,332.00,S,Mid,Zone 1,0.00,2.07,25.90,189.46
189,15.04,199.59,134.19,351.00,S,Mid,Zone 1,0.00,2.15,26.93,198.43
190,15.12,198.91,136.58,335.00,S,Mid,Zone 1,0.00,2.48,30.99,195.95
191,15.20,198.57,139.30,328.00,S,Mid,Zone 1,0.00,2.75,34.32,187.13
192,15.28,198.57,141.69,312.00,S,Mid,Zone 1,0.00,2.38,29.80,180.00
193,15.36,198.91,144.07,291.00,S,Mid,Zone 1,0.00,2.41,30.10,171.87
194,15.44,199.25,146.80,279.00,S,Mid,Zone 1,0.00,2.75,34.32,172.87
195,15.52,199.59,148.84,241.00,S,Mid,Zone 1,0.00,2.07,25.90,170.54
196,15.60,199.59,150.88,231.00,S,Ext,Zone 1,0.00,2.04,25.54,180.00
197,15.68,199.93,153.27,218.00,S,Ext,Zone 1,0.00,2.41,30.10,171.87
198,15.76,200.27,155.31,213.00,S,Ext,Zone 1,0.00,2.07,25.90,170.54
199,15.84,199.93,155.99,186.00,S,Ext,Zone 1,0.00,0.76,9.52,206.57
200,15.92,198.57,156.33,151.00,S,Ext,Zone 1,0.00,1.40,17.55,255.96
201,16.00,196.52,155.99,152.00,S,Ext,Zone 1,0.00,2.07,25.90,279.46
202,16.08,194.48,155.65,135.00,S,Ext,Zone 1,0.00,2.07,25.90,279.46
203,16.16,192.09,155.65,108.00,S,Mid,Zone 1,0.00,2.38,29.80,270.00
204,16.24,190.39,155.31,99.00,S,Mid,Zone 1,0.00,1.74,21.71,281.31
205,16.32,189.03,154.63,72.00,S,Mid,Zone 1,0.00,1.52,19.04,296.57
206,16.40,188.35,154.63,103.00,S,Mid,Zone 1,0.00,0.68,8.51,270.00
207,16.48,187.67,153.95,128.00,S,Mid,Zone 1,0.00,0.96,12.04,315.00
208,16.56,188.01,153.61,178.00,S,Mid,Zone 1,0.00,0.48,6.02,45.00
209,16.64,187.33,153.27,223.00,S,Mid,Zone 1,0.00,0.76,9.52,296.57
210,16.72,186.30,152.93,222.00,S,Mid,Zone 1,0.00,1.08,13.46,288.43
211,16.80,184.94,152.59,233.00,S,Mid,Zone 1,0.00,1.40,17.55,284.04
212,16.88,183.58,152.24,237.00,S,Mid,Zone 1,0.00,1.40,17.55,284.04
213,16.96,182.22,152.59,253.00,S,Mid,Zone 1,0.00,1.40,17.55,255.96
214,17.04,180.51,152.24,295.00,S,Mid,Zone 1,0.00,1.74,21.71,281.31
215,17.12,178.81,152.59,293.00,S,Mid,Zone 1,0.00,1.74,21.71,258.69
216,17.20,176.43,153.27,297.00,S,Mid,Zone 1,0.00,2.48,30.99,254.05
217,17.28,174.38,153.95,305.00,S,Mid,Zone 1,0.00,2.15,26.93,251.57
218,17.36,172.00,154.97,295.00,S,Mid,Zone 1,0.00,2.59,32.42,246.80
219,17.44,169.61,155.99,282.00,S,Mid,Zone 1,0.00,2.59,32.42,246.80
220,17.52,167.23,157.35,284.00,S,Mid,Zone 1,0.00,2.75,34.32,240.26
221,17.60,165.53,158.38,299.00,S,Mid,Zone 1,0.00,1.99,24.82,239.04
222,17.68,163.48,159.40,302.00,S,Mid,Zone 1,0.00,2.28,28.56,243.43
223,17.76,161.44,160.08,291.00,S,Mid,Zone 1,0.00,2.15,26.93,251.57
224,17.84,159.06,161.10,302.00,S,Mid,Zone 1,0.00,2.59,32.42,246.80
225,17.92,157.01,162.12,333.00,S,Mid,Zone 1,0.00,2.28,28.56,243.43
226,18.00,154.97,162.80,333.00,S,Mid,Zone 1,0.00,2.15,26.93,251.57
227,18.08,152.59,163.82,325.00,S,Mid,Zone 1,0.00,2.59,32.42,246.80
228,18.16,149.86,164.85,336.00,S,Mid,Zone 1,0.00,2.91,36.38,249.44
229,18.24,147.48,165.87,313.00,S,Mid,Zone 1,0.00,2.59,32.42,246.80
230,18.32,144.75,166.89,325.00,S,Mid,Zone 1,0.00,2.91,36.38,249.44
231,18.40,142.37,167.91,316.00,S,Mid,Zone 1,0.00,2.59,32.42,246.80
232,18.48,139.64,168.93,297.00,S,Mid,Zone 1,0.00,2.91,36.38,249.44
233,18.56,137.26,169.96,276.00,S,Mid,Zone 1,0.00,2.59,32.42,246.80
234,18.64,135.22,171.32,277.00,S,Mid,Zone 1,0.00,2.46,30.70,236.31
235,18.72,132.49,172.68,263.00,S,Mid,Zone 1,0.00,3.05,38.08,243.43
236,18.80,130.79,173.36,241.00,S,Mid,Zone 1,0.00,1.83,22.93,248.20
237,18.88,128.06,174.04,223.00,S,Mid,Zone 1,0.00,2.81,35.11,255.96
238,18.96,126.70,174.04,254.00,S,Mid,Zone 1,0.00,1.36,17.03,270.00
239,19.04,125.00,173.70,261.00,S,Mid,Zone 1,0.00,1.74,21.71,281.31
240,19.12,122.95,172.68,228.00,S,Mid,Zone 1,0.00,2.28,28.56,296.57
241,19.20,120.91,171.66,204.00,S,Mid,Zone 1,0.00,2.28,28.56,296.57
242,19.28,119.55,170.98,173.00,S,Mid,Zone 1,0.00,1.52,19.04,296.57
243,19.36,118.19,169.96,163.00,S,Mid,Zone 1,0.00,1.70,21.29,306.87
244,19.44,116.82,169.27,163.00,S,Mid,Zone 1,0.00,1.52,19.04,296.57
245,19.52,115.46,168.59,165.00,S,Mid,Zone 1,0.00,1.52,19.04,296.57
246,19.60,114.44,167.57,184.00,S,Mid,Zone 1,0.00,1.45,18.06,315.00
247,19.68,112.74,166.89,183.00,S,Mid,Zone 1,0.00,1.83,22.93,291.80
248,19.76,111.37,166.21,193.00,S,Mid,Zone 1,0.00,1.52,19.04,296.57
249,19.84,109.33,165.53,206.00,S,Mid,Zone 1,0.00,2.15,26.93,288.43
250,19.92,107.29,165.19,217.00,S,Mid,Zone 1,0.00,2.07,25.90,279.46
251,20.00,105.24,164.85,200.00,S,Mid,Zone 1,0.00,2.07,25.90,279.46
252,20.08,103.20,164.85,180.00,S,Mid,Zone 1,0.00,2.04,25.54,270.00
253,20.16,101.50,164.85,160.00,S,Ext,Zone 1,0.00,1.70,21.29,270.00
254,20.24,99.79,164.85,145.00,S,Ext,Zone 1,0.00,1.70,21.29,270.00
255,20.32,98.77,164.51,135.00,S,Ext,Zone 1,0.00,1.08,13.46,288.43
256,20.40,97.07,162.80,91.00,W,Ext,Zone 1,0.00,2.41,30.10,315.00
257,20.48,97.75,162.12,204.00,W,Mid,Zone 1,0.00,0.96,12.04,45.00
258,20.56,97.41,160.42,288.00,W,Mid,Zone 1,0.00,1.74,21.71,348.69
259,20.64,96.73,159.06,278.00,W,Mid,Zone 1,0.00,1.52,19.04,333.43
260,20.72,96.05,156.67,229.00,W,Mid,Zone 1,0.00,2.48,30.99,344.05
261,20.80,95.37,154.63,200.00,W,Mid,Zone 1,0.00,2.15,26.93,341.57
262,20.88,94.68,153.27,196.00,W,Mid,Zone 1,0.00,1.52,19.04,333.43
263,20.96,94.00,151.22,214.00,W,Mid,Zone 1,0.00,2.15,26.93,341.57
264,21.04,92.98,149.86,218.00,W,Mid,Zone 1,0.00,1.70,21.29,323.13
265,21.12,91.62,148.16,224.00,W,Mid,Zone 1,0.00,2.18,27.26,321.34
266,21.20,90.60,146.11,252.00,W,Mid,Zone 1,0.00,2.28,28.56,333.43
267,21.28,89.24,144.75,246.00,W,Mid,Zone 1,0.00,1.93,24.08,315.00
268,21.36,87.53,142.37,235.00,W,Mid,Zone 1,0.00,2.93,36.62,324.46
269,21.44,86.51,140.32,238.00,W,Mid,Zone 1,0.00,2.28,28.56,333.43
270,21.52,85.15,138.28,251.00,W,Mid,Zone 1,0.00,2.46,30.70,326.31
271,21.60,83.79,136.24,253.00,W,Mid,Zone 1,0.00,2.46,30.70,326.31
272,21.68,83.10,134.53,264.00,W,Mid,Zone 1,0.00,1.83,22.93,338.20
273,21.76,82.76,132.49,296.00,W,Mid,Zone 1,0.00,2.07,25.90,350.54
274,21.84,82.76,130.45,305.00,W,Mid,Zone 1,0.00,2.04,25.54,0.00
275,21.92,82.76,128.06,288.00,W,Mid,Zone 1,0.00,2.38,29.80,0.00
276,22.00,83.10,126.02,243.00,W,Mid,Zone 1,0.00,2.07,25.90,9.46
277,22.08,83.79,123.63,235.00,W,Mid,Zone 1,0.00,2.48,30.99,15.95
278,22.16,84.13,121.59,253.00,W,Mid,Zone 1,0.00,2.07,25.90,9.46
279,22.24,84.47,120.23,244.00,W,Mid,Zone 1,0.00,1.40,17.55,14.04
280,22.32,85.15,117.84,244.00,W,Mid,Zone 1,0.00,2.48,30.99,15.95
281,22.40,85.15,115.46,264.00,W,Mid,Zone 1,0.00,2.38,29.80,0.00
282,22.48,85.15,113.42,288.00,W,Mid,Zone 1,0.00,2.04,25.54,0.00
283,22.56,84.81,111.03,323.00,W,Mid,Zone 1,0.00,2.41,30.10,351.87
284,22.64,84.81,108.65,317.00,W,Center,Zone 1,0.00,2.38,29.80,0.00
285,22.72,84.47,106.26,341.00,W,Center,Zone 1,0.00,2.41,30.10,351.87
286,22.80,84.47,103.54,358.00,W,Center,Zone 1,0.00,2.72,34.06,0.00
287,22.88,84.47,101.16,388.00,W,Center,Zone 1,0.00,2.38,29.80,0.00
288,22.96,84.13,98.77,396.00,W,Center,Zone 1,0.00,2.41,30.10,351.87
289,23.04,84.13,96.73,448.00,W,Center,Zone 1,0.00,2.04,25.54,0.00
290,23.12,83.45,94.00,438.00,W,Mid,Zone 1,0.00,2.81,35.11,345.96
291,23.20,83.45,91.62,460.00,W,Mid,Zone 1,0.00,2.38,29.80,0.00
292,23.28,83.10,88.55,453.00,W,Mid,Zone 1,0.00,3.08,38.55,353.66
293,23.36,83.10,85.83,478.00,W,Mid,Zone 1,0.00,2.72,34.06,0.00
294,23.44,82.76,83.10,463.00,W,Mid,Zone 1,0.00,2.75,34.32,352.87
295,23.52,82.42,80.04,457.00,W,Mid,Zone 1,0.00,3.08,38.55,353.66
296,23.60,82.42,77.31,461.00,W,Mid,Zone 1,0.00,2.72,34.06,0.00
297,23.68,82.76,74.59,465.00,W,Mid,Zone 1,0.00,2.75,34.32,7.13
298,23.76,82.42,70.84,386.00,W,Mid,Zone 1,0.00,3.76,47.02,354.81
299,23.84,82.08,68.80,428.00,W,Mid,Zone 1,0.00,2.07,25.90,350.54
300,23.92,82.08,66.42,471.00,W,Mid,Zone 1,0.00,2.38,29.80,0.00
301,24.00,81.74,64.03,480.00,W,Mid,Zone 1,0.00,2.41,30.10,351.87
302,24.08,81.06,61.65,503.00,W,Mid,Zone 1,0.00,2.48,30.99,344.05
303,24.16,80.72,58.92,459.00,N,Mid,Zone 1,0.00,2.75,34.32,352.87
304,24.24,79.70,57.22,521.00,N,Mid,Zone 1,0.00,1.99,24.82,329.04
305,24.32,79.02,55.18,508.00,N,Mid,Zone 1,0.00,2.15,26.93,341.57
306,24.40,78.00,53.13,443.00,N,Ext,Zone 1,0.00,2.28,28.56,333.43
307,24.48,76.63,51.09,354.00,N,Ext,Zone 1,0.00,2.46,30.70,326.31
308,24.56,75.61,49.73,263.00,N,Ext,Zone 1,0.00,1.70,21.29,323.13
309,24.64,75.27,49.05,228.00,N,Ext,Zone 1,0.00,0.76,9.52,333.43
310,24.72,75.27,48.70,241.00,N,Ext,Zone 1,0.00,0.34,4.26,0.00
311,24.80,75.95,48.36,209.00,N,Ext,Zone 1,0.00,0.76,9.52,63.43
312,24.88,76.63,48.02,172.00,N,Ext,Zone 1,0.00,0.76,9.52,63.43
313,24.96,77.31,47.34,108.00,N,Ext,Zone 1,0.00,0.96,12.04,45.00
314,25.04,78.34,46.32,56.00,N,Ext,Zone 1,0.00,1.45,18.06,45.00
315,25.12,80.04,44.96,43.00,N,Ext,Zone 1,0.00,2.18,27.26,51.34
316,25.20,-,-,-,-,-,-,-,-,-,-
317,25.28,83.10,44.28,40.00,N,Ext,Zone 1,0.00,-,-,-
318,25.36,84.13,44.28,64.00,N,Ext,Zone 1,0.00,1.02,12.77,90.00
319,25.44,84.47,44.62,101.00,N,Ext,Zone 1,0.00,0.48,6.02,135.00
320,25.52,84.81,44.96,171.00,N,Ext,Zone 1,0.00,0.48,6.02,135.00
321,25.60,85.15,44.96,230.00,N,Ext,Zone 1,0.00,0.34,4.26,90.00
322,25.68,84.81,44.62,286.00,N,Ext,Zone 1,0.00,0.48,6.02,315.00
323,25.76,85.83,43.60,336.00,N,Ext,Zone 1,0.00,1.45,18.06,45.00
324,25.84,86.17,42.91,372.00,N,Ext,Zone 1,0.00,0.76,9.52,26.57
325,25.92,86.85,41.55,381.00,N,Ext,Zone 1,0.00,1.52,19.04,26.57
326,26.00,87.87,40.19,382.00,N,Ext,Zone 1,0.00,1.70,21.29,36.87
327,26.08,88.55,38.83,364.00,N,Ext,Zone 1,0.00,1.52,19.04,26.57
328,26.16,89.24,37.12,336.00,N,Ext,Zone 1,0.00,1.83,22.93,21.80
329,26.24,89.92,35.08,307.00,N,Ext,Zone 1,0.00,2.15,26.93,18.43
330,26.32,90.94,33.38,256.00,N,Ext,Zone 1,0.00,1.99,24.82,30.96
331,26.40,92.30,31.68,242.00,N,Ext,Zone 1,0.00,2.18,27.26,38.66
332,26.48,93.32,30.31,256.00,N,Ext,Zone 1,0.00,1.70,21.29,36.87
333,26.56,94.68,29.29,270.00,N,Ext,Zone 1,0.00,1.70,21.29,53.13
334,26.64,96.39,27.93,269.00,N,Ext,Zone 1,0.00,2.18,27.26,51.34
335,26.72,98.09,27.25,259.00,N,Ext,Zone 1,0.00,1.83,22.93,68.20
336,26.80,99.45,26.57,255.00,N,Ext,Zone 1,0.00,1.52,19.04,63.43
337,26.88,101.16,25.54,246.00,N,Ext,Zone 1,0.00,1.99,24.82,59.04
338,26.96,102.52,24.86,277.00,N,Ext,Zone 1,0.00,1.52,19.04,63.43
339,27.04,104.56,24.18,274.00,N,Ext,Zone 1,0.00,2.15,26.93,71.57
340,27.12,105.92,23.50,273.00,N,Ext,Zone 1,0.00,1.52,19.04,63.43
341,27.20,107.29,22.48,269.00,N,Ext,Zone 1,0.00,1.70,21.29,53.13
342,27.28,109.33,21.46,247.00,N,Ext,Zone 1,0.00,2.28,28.56,63.43
343,27.36,110.69,20.78,271.00,N,Ext,Zone 1,0.00,1.52,19.04,63.43
344,27.44,112.40,20.09,283.00,N,Ext,Zone 1,0.00,1.83,22.93,68.20
345,27.52,114.44,20.44,296.00,N,Ext,Zone 1,0.00,2.07,25.90,99.46
346,27.60,116.14,21.12,388.00,N,Ext,Zone 1,0.00,1.83,22.93,111.80
347,27.68,117.50,21.12,440.00,N,Ext,Zone 1,0.00,1.36,17.03,90.00
348,27.76,119.55,20.78,434.00,N,Ext,Zone 1,0.00,2.07,25.90,80.54
349,27.84,121.93,20.44,369.00,N,Ext,Zone 1,0.00,2.41,30.10,81.87
350,27.92,123.63,20.09,357.00,N,Ext,Zone 1,0.00,1.74,21.71,78.69
351,28.00,125.68,19.07,343.00,N,Ext,Zone 1,0.00,2.28,28.56,63.43
352,28.08,127.38,18.39,304.00,N,Ext,Zone 1,0.00,1.83,22.93,68.20
353,28.16,128.74,17.37,264.00,N,Ext,Zone 1,0.00,1.70,21.29,53.13
354,28.24,130.45,16.69,231.00,N,Ext,Zone 1,0.00,1.83,22.93,68.20
355,28.32,131.81,17.03,218.00,N,Ext,Zone 1,0.00,1.40,17.55,104.04
356,28.40,133.51,18.39,248.00,N,Ext,Zone 1,0.00,2.18,27.26,128.66
357,28.48,135.56,19.75,287.00,N,Ext,Zone 1,0.00,2.46,30.70,123.69
358,28.56,137.60,21.12,302.00,N,Ext,Zone 1,0.00,2.46,30.70,123.69
359,28.64,139.30,22.14,310.00,N,Mid,Zone 1,0.00,1.99,24.82,120.96
360,28.72,141.01,22.82,308.00,N,Mid,Zone 1,0.00,1.83,22.93,111.80
361,28.80,143.39,23.84,332.00,N,Mid,Zone 1,0.00,2.59,32.42,113.20
362,28.88,145.09,24.18,356.00,N,Mid,Zone 1,0.00,1.74,21.71,101.31
363,28.96,146.80,24.52,400.00,N,Mid,Zone 1,0.00,1.74,21.71,101.31
364,29.04,148.84,24.52,446.00,N,Mid,Zone 1,0.00,2.04,25.54,90.00
365,29.12,151.22,24.52,414.00,N,Mid,Zone 1,0.00,2.38,29.80,90.00
366,29.20,153.95,24.52,407.00,N,Mid,Zone 1,0.00,2.72,34.06,90.00
367,29.28,156.67,24.18,393.00,N,Mid,Zone 1,0.00,2.75,34.32,82.87
368,29.36,158.72,23.84,431.00,N,Mid,Zone 1,0.00,2.07,25.90,80.54
369,29.44,161.10,23.50,433.00,N,Ext,Zone 1,0.00,2.41,30.10,81.87
370,29.52,163.82,22.82,412.00,N,Ext,Zone 1,0.00,2.81,35.11,75.96
371,29.60,166.55,21.80,345.00,N,Ext,Zone 1,0.00,2.91,36.38,69.44
372,29.68,168.59,21.12,315.00,N,Ext,Zone 1,0.00,2.15,26.93,71.57
373,29.76,170.64,21.12,291.00,N,Ext,Zone 1,0.00,2.04,25.54,90.00
374,29.84,171.32,21.46,311.00,N,Ext,Zone 1,0.00,0.76,9.52,116.57
375,29.92,172.68,22.14,284.00,N,Ext,Zone 1,0.00,1.52,19.04,116.57
376,30.00,174.04,23.16,196.00,N,Ext,Zone 1,0.00,1.70,21.29,126.87
377,30.08,175.06,23.84,155.00,N,Ext,Zone 1,0.00,1.23,15.35,123.69
378,30.16,176.77,24.86,101.00,N,Ext,Zone 1,0.00,1.99,24.82,120.96
379,30.24,175.40,25.20,154.00,N,Ext,Zone 1,0.00,1.40,17.55,255.96
380,30.32,175.75,27.25,149.00,N,Ext,Zone 1,0.00,2.07,25.90,170.54
381,30.40,175.75,28.61,230.00,E,Ext,Zone 1,0.00,1.36,17.03,180.00
382,30.48,175.40,29.63,335.00,E,Mid,Zone 1,0.00,1.08,13.46,198.43
383,30.56,175.75,30.65,413.00,E,Mid,Zone 1,0.00,1.08,13.46,161.57
384,30.64,176.09,32.02,425.00,E,Mid,Zone 1,0.00,1.40,17.55,165.96
385,30.72,176.77,33.72,390.00,E,Mid,Zone 1,0.00,1.83,22.93,158.20
386,30.80,178.13,35.42,346.00,E,Mid,Zone 1,0.00,2.18,27.26,141.34
387,30.88,178.81,37.12,360.00,E,Mid,Zone 1,0.00,1.83,22.93,158.20
388,30.96,179.15,38.49,385.00,E,Mid,Zone 1,0.00,1.40,17.55,165.96
389,31.04,180.51,40.53,364.00,E,Mid,Zone 1,0.00,2.46,30.70,146.31
390,31.12,181.54,42.57,344.00,E,Mid,Zone 1,0.00,2.28,28.56,153.43
391,31.20,182.22,43.60,399.00,E,Mid,Zone 1,0.00,1.23,15.35,146.31
392,31.28,182.90,45.30,392.00,E,Mid,Zone 1,0.00,1.83,22.93,158.20
393,31.36,184.26,47.00,393.00,E,Mid,Zone 1,0.00,2.18,27.26,141.34
394,31.44,185.62,49.39,352.00,E,Mid,Zone 1,0.00,2.75,34.32,150.26
395,31.52,186.30,50.41,381.00,E,Mid,Zone 1,0.00,1.23,15.35,146.31
396,31.60,187.67,51.77,399.00,E,Mid,Zone 1,0.00,1.93,24.08,135.00
397,31.68,189.03,53.13,398.00,E,Mid,Zone 1,0.00,1.93,24.08,135.00
398,31.76,190.73,54.15,384.00,E,Mid,Zone 1,0.00,1.99,24.82,120.96
399,31.84,192.78,55.52,348.00,E,Mid,Zone 1,0.00,2.46,30.70,123.69
400,31.92,194.48,55.86,321.00,E,Mid,Zone 1,0.00,1.74,21.71,101.31
401,32.00,196.52,55.86,312.00,E,Mid,Zone 1,0.00,2.04,25.54,90.00
402,32.08,196.86,55.86,358.00,E,Mid,Zone 1,0.00,0.34,4.26,90.00
403,32.16,198.57,55.86,363.00,E,Mid,Zone 1,0.00,1.70,21.29,90.00
404,32.24,199.93,55.86,367.00,E,Mid,Zone 1,0.00,1.36,17.03,90.00
405,32.32,200.61,56.20,393.00,E,Mid,Zone 1,0.00,0.76,9.52,116.57
406,32.40,201.29,56.20,388.00,E,Mid,Zone 1,0.00,0.68,8.51,90.00
407,32.48,203.33,56.20,368.00,E,Mid,Zone 1,0.00,2.04,25.54,90.00
408,32.56,204.70,56.54,349.00,E,Mid,Zone 1,0.00,1.40,17.55,104.04
409,32.64,205.04,57.22,322.00,E,Mid,Zone 1,0.00,0.76,9.52,153.43
410,32.72,206.40,58.58,330.00,E,Mid,Zone 1,0.00,1.93,24.08,135.00
411,32.80,207.08,59.60,326.00,E,Mid,Zone 1,0.00,1.23,15.35,146.31
412,32.88,207.42,60.63,279.00,E,Mid,Zone 1,0.00,1.08,13.46,161.57
413,32.96,207.42,61.65,322.00,E,Mid,Zone 1,0.00,1.02,12.77,180.00
414,33.04,207.08,62.67,330.00,E,Mid,Zone 1,0.00,1.08,13.46,198.43
415,33.12,207.08,63.69,337.00,E,Mid,Zone 1,0.00,1.02,12.77,180.00
416,33.20,206.40,65.05,347.00,E,Mid,Zone 1,0.00,1.52,19.04,206.57
417,33.28,206.06,65.39,374.00,E,Mid,Zone 1,0.00,0.48,6.02,225.00
418,33.36,206.06,65.73,395.00,E,Mid,Zone 1,0.00,0.34,4.26,180.00
419,33.44,205.38,66.42,401.00,E,Mid,Zone 1,0.00,0.96,12.04,225.00
420,33.52,204.01,67.44,378.00,E,Mid,Zone 1,0.00,1.70,21.29,233.13
421,33.60,203.33,68.46,397.00,E,Mid,Zone 1,0.00,1.23,15.35,213.69
422,33.68,202.65,69.14,423.00,E,Mid,Zone 1,0.00,0.96,12.04,225.00
423,33.76,201.29,70.16,402.00,E,Mid,Zone 1,0.00,1.70,21.29,233.13
424,33.84,200.27,70.84,367.00,E,Mid,Zone 1,0.00,1.23,15.35,236.31
425,33.92,198.91,72.55,387.00,E,Mid,Zone 1,0.00,2.18,27.26,218.66
426,34.00,197.88,73.57,421.00,E,Mid,Zone 1,0.00,1.45,18.06,225.00
427,34.08,196.52,75.95,400.00,E,Mid,Zone 1,0.00,2.75,34.32,209.74
428,34.16,195.84,77.66,369.00,E,Mid,Zone 1,0.00,1.83,22.93,201.80
429,34.24,195.50,80.38,297.00,E,Center,Zone 1,0.00,2.75,34.32,187.13
430,34.32,195.16,82.08,301.00,E,Center,Zone 1,0.00,1.74,21.71,191.31
431,34.40,194.82,83.45,330.00,E,Center,Zone 1,0.00,1.40,17.55,194.04
432,34.48,194.82,84.13,435.00,E,Center,Zone 1,0.00,0.68,8.51,180.00
433,34.56,194.82,85.83,449.00,E,Center,Zone 1,0.00,1.70,21.29,180.00
434,34.64,194.48,87.87,449.00,E,Center,Zone 1,0.00,2.07,25.90,189.46
435,34.72,194.48,89.92,437.00,E,Center,Zone 1,0.00,2.04,25.54,180.00
436,34.80,194.14,92.64,370.00,E,Center,Zone 1,0.00,2.75,34.32,187.13
437,34.88,193.46,95.03,324.00,E,Center,Zone 1,0.00,2.48,30.99,195.95
438,34.96,192.43,97.07,274.00,E,Center,Zone 1,0.00,2.28,28.56,206.57
439,35.04,191.41,98.09,310.00,E,Center,Zone 1,0.00,1.45,18.06,225.00
440,35.12,190.05,99.11,272.00,E,Center,Zone 1,0.00,1.70,21.29,233.13
441,35.20,190.39,99.11,354.00,E,Center,Zone 1,0.00,0.34,4.26,90.00
442,35.28,187.67,100.82,285.00,E,Center,Zone 1,0.00,3.21,40.16,237.99
443,35.36,186.64,101.50,300.00,E,Center,Zone 1,0.00,1.23,15.35,236.31
444,35.44,185.28,101.84,338.00,E,Center,Zone 1,0.00,1.40,17.55,255.96
445,35.52,184.26,102.18,343.00,E,Center,Zone 1,0.00,1.08,13.46,251.57
446,35.60,183.58,102.52,356.00,E,Center,Zone 1,0.00,0.76,9.52,243.43
447,35.68,181.54,101.50,293.00,E,Center,Zone 1,0.00,2.28,28.56,296.57
448,35.76,180.17,100.47,274.00,E,Center,Zone 1,0.00,1.70,21.29,306.87
449,35.84,179.15,99.79,277.00,E,Center,Zone 1,0.00,1.23,15.35,303.69
450,35.92,177.79,98.77,281.00,E,Center,Zone 1,0.00,1.70,21.29,306.87
451,36.00,177.11,98.09,310.00,E,Center,Zone 1,0.00,0.96,12.04,315.00
452,36.08,176.09,97.07,312.00,E,Center,Zone 1,0.00,1.45,18.06,315.00
453,36.16,174.72,96.39,311.00,E,Center,Zone 1,0.00,1.52,19.04,296.57
454,36.24,173.36,95.03,305.00,E,Center,Zone 1,0.00,1.93,24.08,315.00
455,36.32,172.00,94.00,314.00,E,Center,Zone 1,0.00,1.70,21.29,306.87
456,36.40,170.64,93.32,334.00,E,Center,Zone 1,0.00,1.52,19.04,296.57
457,36.48,168.59,91.96,318.00,E,Center,Zone 1,0.00,2.46,30.70,303.69
458,36.56,167.23,90.94,282.00,E,Center,Zone 1,0.00,1.70,21.29,306.87
459,36.64,165.53,89.92,300.00,E,Center,Zone 1,0.00,1.99,24.82,300.96
460,36.72,163.82,89.24,297.00,E,Center,Zone 1,0.00,1.83,22.93,291.80
461,36.80,162.12,88.55,321.00,E,Center,Zone 1,0.00,1.83,22.93,291.80
462,36.88,160.42,88.21,321.00,E,Center,Zone 1,0.00,1.74,21.71,281.31
463,36.96,158.38,87.53,305.00,E,Center,Zone 1,0.00,2.15,26.93,288.43
464,37.04,157.01,87.53,303.00,E,Center,Zone 1,0.00,1.36,17.03,270.00
465,37.12,154.97,87.19,310.00,E,Center,Zone 1,0.00,2.07,25.90,279.46
466,37.20,153.61,86.85,322.00,E,Center,Zone 1,0.00,1.40,17.55,284.04
467,37.28,151.56,86.85,286.00,E,Center,Zone 1,0.00,2.04,25.54,270.00
468,37.36,149.86,86.17,315.00,E,Center,Zone 1,0.00,1.83,22.93,291.80
469,37.44,148.84,86.17,358.00,E,Center,Zone 1,0.00,1.02,12.77,270.00
470,37.52,146.45,86.51,354.00,E,Center,Zone 1,0.00,2.41,30.10,261.87
471,37.60,145.77,86.85,405.00,E,Center,Zone 1,0.00,0.76,9.52,243.43
472,37.68,143.73,87.87,392.00,E,Center,Zone 1,0.00,2.28,28.56,243.43
473,37.76,141.69,89.24,395.00,E,Center,Zone 1,0.00,2.46,30.70,236.31
474,37.84,140.32,90.26,398.00,E,Center,Zone 1,0.00,1.70,21.29,233.13
475,37.92,138.62,91.28,410.00,N,Center,Zone 1,0.00,1.99,24.82,239.04
476,38.00,136.92,92.30,390.00,N,Center,Zone 1,0.00,1.99,24.82,239.04
477,38.08,135.22,93.66,411.00,W,Center,Zone 1,0.00,2.18,27.26,231.34
478,38.16,133.51,94.34,383.00,W,Center,Zone 1,0.00,1.83,22.93,248.20
479,38.24,131.47,95.71,336.00,W,Center,Zone 1,0.00,2.46,30.70,236.31
480,38.32,130.11,96.39,368.00,W,Center,Zone 1,0.00,1.52,19.04,243.43
481,38.40,128.06,97.07,329.00,W,Center,Zone 1,0.00,2.15,26.93,251.57
482,38.48,126.02,97.41,285.00,W,Center,Zone 1,0.00,2.07,25.90,260.54
483,38.56,123.98,97.75,300.00,W,Center,Zone 1,0.00,2.07,25.90,260.54
484,38.64,122.61,98.09,291.00,W,Center,Zone 1,0.00,1.40,17.55,255.96
485,38.72,121.25,97.75,274.00,W,Center,Zone 1,0.00,1.40,17.55,284.04
486,38.80,120.57,97.07,311.00,W,Center,Zone 1,0.00,0.96,12.04,315.00
487,38.88,119.55,96.39,365.00,W,Center,Zone 1,0.00,1.23,15.35,303.69
488,38.96,118.53,96.05,390.00,W,Center,Zone 1,0.00,1.08,13.46,288.43
489,39.04,117.16,95.03,358.00,W,Center,Zone 1,0.00,1.70,21.29,306.87
490,39.12,115.80,94.00,352.00,W,Center,Zone 1,0.00,1.70,21.29,306.87
491,39.20,114.78,92.64,342.00,W,Center,Zone 1,0.00,1.70,21.29,323.13
492,39.28,113.42,91.62,335.00,W,Center,Zone 1,0.00,1.70,21.29,306.87
493,39.36,112.40,90.60,329.00,W,Center,Zone 1,0.00,1.45,18.06,315.00
494,39.44,111.03,89.24,289.00,W,Center,Zone 1,0.00,1.93,24.08,315.00
495,39.52,110.35,88.21,309.00,W,Center,Zone 1,0.00,1.23,15.35,326.31
496,39.60,110.01,86.85,255.00,W,Center,Zone 1,0.00,1.40,17.55,345.96
497,39.68,110.69,85.49,260.00,W,Center,Zone 1,0.00,1.52,19.04,26.57
498,39.76,111.71,84.47,266.00,W,Center,Zone 1,0.00,1.45,18.06,45.00
499,39.84,112.05,83.79,264.00,W,Center,Zone 1,0.00,0.76,9.52,26.57
500,39.92,112.74,83.45,241.00,W,Center,Zone 1,0.00,0.76,9.52,63.43
501,40.00,113.42,83.10,291.00,W,Center,Zone 1,0.00,0.76,9.52,63.43
502,40.08,114.10,82.42,326.00,W,Center,Zone 1,0.00,0.96,12.04,45.00
503,40.16,114.78,81.74,299.00,W,Center,Zone 1,0.00,0.96,12.04,45.00
504,40.24,115.80,80.72,309.00,N,Center,Zone 1,0.00,1.45,18.06,45.00
505,40.32,116.48,79.70,286.00,N,Center,Zone 1,0.00,1.23,15.35,33.69
506,40.40,117.16,79.02,314.00,N,Center,Zone 1,0.00,0.96,12.04,45.00
507,40.48,118.19,77.66,308.00,N,Center,Zone 1,0.00,1.70,21.29,36.87
508,40.56,118.53,76.63,310.00,N,Center,Zone 1,0.00,1.08,13.46,18.43
509,40.64,119.21,74.93,341.00,N,Center,Zone 1,0.00,1.83,22.93,21.80
510,40.72,119.89,73.57,319.00,N,Center,Zone 1,0.00,1.52,19.04,26.57
511,40.80,120.57,72.21,321.00,N,Center,Zone 1,0.00,1.52,19.04,26.57
512,40.88,120.91,70.50,282.00,N,Center,Zone 1,0.00,1.74,21.71,11.31
513,40.96,120.91,69.48,301.00,N,Center,Zone 1,0.00,1.02,12.77,0.00
514,41.04,120.91,68.46,379.00,N,Center,Zone 1,0.00,1.02,12.77,0.00
515,41.12,120.57,67.44,368.00,N,Center,Zone 1,0.00,1.08,13.46,341.57
516,41.20,120.23,65.73,361.00,N,Center,Zone 1,0.00,1.74,21.71,348.69
517,41.28,119.89,65.39,424.00,N,Center,Zone 1,0.00,0.48,6.02,315.00
518,41.36,118.87,63.69,411.00,N,Center,Zone 1,0.00,1.99,24.82,329.04
519,41.44,118.53,62.67,451.00,N,Center,Zone 1,0.00,1.08,13.46,341.57
520,41.52,118.19,62.33,495.00,N,Center,Zone 1,0.00,0.48,6.02,315.00
521,41.60,117.50,60.63,479.00,N,Center,Zone 1,0.00,1.83,22.93,338.20
522,41.68,116.48,59.26,466.00,N,Center,Zone 1,0.00,1.70,21.29,323.13
523,41.76,116.14,57.90,493.00,N,Center,Zone 1,0.00,1.40,17.55,345.96
524,41.84,115.46,55.52,507.00,N,Center,Zone 1,0.00,2.48,30.99,344.05
525,41.92,114.78,53.47,487.00,N,Center,Zone 1,0.00,2.15,26.93,341.57
526,42.00,113.76,51.43,472.00,N,Center,Zone 1,0.00,2.28,28.56,333.43
527,42.08,113.42,49.05,441.00,N,Center,Zone 1,0.00,2.41,30.10,351.87
528,42.16,113.08,47.68,447.00,N,Mid,Zone 1,0.00,1.40,17.55,345.96
529,42.24,112.40,45.64,491.00,N,Mid,Zone 1,0.00,2.15,26.93,341.57
530,42.32,112.05,43.26,491.00,N,Mid,Zone 1,0.00,2.41,30.10,351.87
531,42.40,111.37,41.55,530.00,N,Mid,Zone 1,0.00,1.83,22.93,338.20
532,42.48,110.69,39.17,509.00,N,Mid,Zone 1,0.00,2.48,30.99,344.05
533,42.56,110.35,37.12,495.00,N,Mid,Zone 1,0.00,2.07,25.90,350.54
534,42.64,110.01,35.76,450.00,N,Mid,Zone 1,0.00,1.40,17.55,345.96
535,42.72,110.01,35.42,497.00,N,Mid,Zone 1,0.00,0.34,4.26,0.00
536,42.80,110.01,34.06,516.00,N,Mid,Zone 1,0.00,1.36,17.03,0.00
537,42.88,110.35,33.38,498.00,N,Mid,Zone 1,0.00,0.76,9.52,26.57
538,42.96,111.03,32.36,449.00,N,Mid,Zone 1,0.00,1.23,15.35,33.69
539,43.04,111.71,32.02,410.00,N,Mid,Zone 1,0.00,0.76,9.52,63.43
540,43.12,112.05,32.02,435.00,N,Mid,Zone 1,0.00,0.34,4.26,90.00
541,43.20,112.40,31.33,464.00,plateforme,Mid,Zone 1,0.00,0.76,9.52,26.57
542,43.28,112.74,30.99,407.00,plateforme,Mid,Zone 1,0.00,0.48,6.02,45.00
543,43.36,112.74,31.68,455.00,plateforme,Mid,Zone 1,0.00,0.68,8.51,180.00
544,43.44,112.74,31.68,511.00,plateforme,Mid,Zone 1,0.00,0.00,0.00,-
545,43.52,112.40,31.68,556.00,plateforme,Mid,Zone 1,0.00,0.34,4.26,270.00
546,43.60,112.40,31.33,606.00,plateforme,Mid,Zone 1,0.00,0.34,4.26,0.00
547,43.68,112.05,30.99,698.00,N,Mid,Zone 1,0.00,0.48,6.02,315.00
548,43.76,112.40,30.99,680.00,plateforme,Mid,Zone 1,0.00,0.34,4.26,90.00
549,43.84,112.40,31.33,673.00,plateforme,Mid,Zone 1,0.00,0.34,4.26,180.00
550,43.92,112.74,31.33,640.00,plateforme,Mid,Zone 1,0.00,0.34,4.26,90.00
551,44.00,113.08,31.33,640.00,plateforme,Mid,Zone 1,0.00,0.34,4.26,90.00
552,44.08,113.08,31.33,633.00,plateforme,Mid,Zone 1,0.00,0.00,0.00,-
553,44.16,112.74,31.68,656.00,plateforme,Mid,Zone 1,0.00,0.48,6.02,225.00
554,44.24,112.05,32.02,647.00,N,Mid,Zone 1,0.00,0.76,9.52,243.43
555,44.32,111.71,32.70,571.00,N,Mid,Zone 1,0.00,0.76,9.52,206.57
556,44.40,111.71,33.04,550.00,N,Mid,Zone 1,0.00,0.34,4.26,180.00
557,44.48,112.05,33.38,565.00,N,Mid,Zone 1,0.00,0.48,6.02,135.00
558,44.56,112.40,33.38,621.00,plateforme,Mid,Zone 1,0.00,0.34,4.26,90.00
559,44.64,113.08,33.38,651.00,plateforme,Mid,Zone 1,0.00,0.68,8.51,90.00
560,44.72,113.42,33.38,656.00,plateforme,Mid,Zone 1,0.00,0.34,4.26,90.00
561,44.80,113.42,33.38,717.00,plateforme,Mid,Zone 1,0.00,0.00,0.00,-
562,44.88,113.76,33.38,716.00,plateforme,Mid,Zone 1,0.00,0.34,4.26,90.00
563,44.96,114.44,33.38,676.00,plateforme,Mid,Zone 1,0.00,0.68,8.51,90.00
564,45.04,114.78,33.38,693.00,plateforme,Mid,Zone 1,0.00,0.34,4.26,90.00
565,45.12,114.44,33.04,654.00,plateforme,Mid,Zone 1,0.00,0.48,6.02,315.00
566,45.20,114.44,33.04,630.00,plateforme,Mid,Zone 1,0.00,0.00,0.00,-
567,45.28,114.10,33.04,614.00,plateforme,Mid,Zone 1,0.00,0.34,4.26,270.00
568,45.36,113.76,33.38,612.00,plateforme,Mid,Zone 1,0.00,0.48,6.02,225.00
569,45.44,114.10,33.38,601.00,plateforme,Mid,Zone 1,0.00,0.34,4.26,90.00
570,45.52,114.44,33.38,616.00,plateforme,Mid,Zone 1,0.00,0.34,4.26,90.00
571,45.60,115.12,33.38,653.00,plateforme,Mid,Zone 1,0.00,0.68,8.51,90.00
572,45.68,115.80,33.72,694.00,plateforme,Mid,Zone 1,0.00,0.76,9.52,116.57
573,45.76,116.48,34.40,727.00,plateforme,Mid,Zone 1,0.00,0.96,12.04,135.00
574,45.84,116.82,34.74,754.00,plateforme,Mid,Zone 1,0.00,0.48,6.02,135.00
575,45.92,116.82,35.08,775.00,plateforme,Mid,Zone 1,0.00,0.34,4.26,180.00
576,46.00,117.16,35.42,808.00,plateforme,Mid,Zone 1,0.00,0.48,6.02,135.00
577,46.08,117.50,35.76,816.00,plateforme,Mid,Zone 1,0.00,0.48,6.02,135.00
578,46.16,117.84,36.10,843.00,plateforme,Mid,Zone 1,0.00,0.48,6.02,135.00
579,46.24,117.84,36.10,807.00,plateforme,Mid,Zone 1,0.00,0.00,0.00,-
580,46.32,117.84,35.76,756.00,plateforme,Mid,Zone 1,0.00,0.34,4.26,0.00
581,46.40,118.19,36.10,738.00,plateforme,Mid,Zone 1,0.00,0.48,6.02,135.00
582,46.48,118.19,36.10,738.00,plateforme,Mid,Zone 1,0.00,0.00,0.00,-
583,46.56,118.19,36.44,760.00,plateforme,Mid,Zone 1,0.00,0.34,4.26,180.00
584,46.64,118.19,36.44,769.00,plateforme,Mid,Zone 1,0.00,0.00,0.00,-
585,46.72,118.53,36.78,777.00,plateforme,Mid,Zone 1,0.00,0.48,6.02,135.00
586,46.80,118.53,36.78,746.00,plateforme,Mid,Zone 1,0.00,0.00,0.00,-
587,46.88,118.53,37.12,748.00,plateforme,Mid,Zone 1,0.00,0.34,4.26,180.00
588,46.96,118.19,37.12,739.00,plateforme,Mid,Zone 1,0.00,0.34,4.26,270.00
589,47.04,117.50,37.47,740.00,plateforme,Mid,Zone 1,0.00,0.76,9.52,243.43
590,47.12,117.50,37.47,764.00,plateforme,Mid,Zone 1,0.00,0.00,0.00,-
591,47.20,117.16,37.81,756.00,plateforme,Mid,Zone 1,0.00,0.48,6.02,225.00
592,47.28,117.50,37.81,733.00,plateforme,Mid,Zone 1,0.00,0.34,4.26,90.00
593,47.36,117.50,37.81,725.00,plateforme,Mid,Zone 1,0.00,0.00,0.00,-
594,47.44,117.50,37.81,716.00,plateforme,Mid,Zone 1,0.00,0.00,0.00,-
595,47.52,117.50,37.81,687.00,plateforme,Mid,Zone 1,0.00,0.00,0.00,-
596,47.60,117.50,37.81,696.00,plateforme,Mid,Zone 1,0.00,0.00,0.00,-
597,47.68,117.50,37.81,700.00,plateforme,Mid,Zone 1,0.00,0.00,0.00,-
598,47.76,117.50,37.81,696.00,plateforme,Mid,Zone 1,0.00,0.00,0.00,-
599,47.84,117.50,37.81,698.00,plateforme,Mid,Zone 1,0.00,0.00,0.00,-
600,47.92,117.50,37.81,708.00,plateforme,Mid,Zone 1,0.00,0.00,0.00,-
601,48.00,117.50,37.81,710.00,plateforme,Mid,Zone 1,0.00,0.00,0.00,-
602,48.08,117.50,37.81,711.00,plateforme,Mid,Zone 1,0.00,0.00,0.00,-
603,48.16,117.50,37.81,700.00,plateforme,Mid,Zone 1,0.00,0.00,0.00,-
604,48.24,117.50,37.81,700.00,plateforme,Mid,Zone 1,0.00,0.00,0.00,-
605,48.32,117.50,37.81,704.00,plateforme,Mid,Zone 1,0.00,0.00,0.00,-
606,48.40,117.50,37.81,702.00,plateforme,Mid,Zone 1,0.00,0.00,0.00,-
607,48.48,117.50,37.81,719.00,plateforme,Mid,Zone 1,0.00,0.00,0.00,-
608,48.56,117.50,37.81,706.00,plateforme,Mid,Zone 1,0.00,0.00,0.00,-
609,48.64,117.50,37.81,687.00,plateforme,Mid,Zone 1,0.00,0.00,0.00,-
610,48.72,117.50,37.81,688.00,plateforme,Mid,Zone 1,0.00,0.00,0.00,-
611,48.80,117.84,38.15,702.00,plateforme,Mid,Zone 1,0.00,0.48,6.02,135.00
612,48.88,117.84,38.15,692.00,plateforme,Mid,Zone 1,0.00,0.00,0.00,-
613,48.96,117.84,38.15,719.00,plateforme,Mid,Zone 1,0.00,0.00,0.00,-
614,49.04,117.84,38.15,712.00,plateforme,Mid,Zone 1,0.00,0.00,0.00,-
615,49.12,118.19,38.49,715.00,plateforme,Mid,Zone 1,0.00,0.48,6.02,135.00
616,49.20,118.19,38.83,742.00,plateforme,Mid,Zone 1,0.00,0.34,4.26,180.00
617,49.28,118.19,38.83,758.00,plateforme,Mid,Zone 1,0.00,0.00,0.00,-
618,49.36,118.19,38.83,763.00,plateforme,Mid,Zone 1,0.00,0.00,0.00,-
619,49.44,118.19,38.83,749.00,plateforme,Mid,Zone 1,0.00,0.00,0.00,-
